name,address,ssn,dob,title,started,ended
Herold,59211 Hanson Place,468-01-9921,1999-06-27,Nuclear Power Engineer,2020-04-09,2020-08-16
Maryann,848 Village Green Pass,103-67-4178,1978-06-18,Executive Secretary,2020-09-15,
Timmie,66548 Everett Lane,709-45-7706,1996-10-20,Automation Specialist I,2020-08-12,
Guinna,84 Transport Park,464-18-6313,1986-04-11,Engineer III,2023-09-26,2020-05-01
Alidia,28093 Blaine Lane,306-65-0963,1980-01-20,Health Coach II,2022-05-27,2023-07-07
Florencia,683 Chinook Lane,633-26-2462,1975-07-15,Software Test Engineer IV,2023-10-11,2024-03-20
Barth,48172 Mockingbird Pass,150-63-6214,1994-09-01,Assistant Professor,2020-01-13,
Muire,19996 Stone Corner Lane,810-06-4351,1990-04-13,Quality Control Specialist,2021-09-13,
Sarita,1 Bartillon Hill,335-21-6121,1981-02-08,Senior Quality Engineer,2024-02-20,
Yurik,03 Coolidge Way,134-58-4715,1992-10-14,Assistant Manager,2023-09-08,
Jennilee,17742 Anhalt Plaza,477-62-6523,1999-09-11,Quality Engineer,2021-08-12,
Sinclare,30114 Anhalt Hill,519-30-7526,1974-08-13,Graphic Designer,2021-10-14,2020-01-29
Ula,9823 Westend Avenue,205-27-7114,1977-02-25,Teacher,2022-08-05,
Esra,809 Fair Oaks Street,811-32-9500,1998-07-06,Quality Engineer,2022-03-20,2023-03-13
Melodee,234 Melrose Avenue,780-35-5736,1970-01-02,Sales Associate,2024-10-20,
Booth,550 Chive Alley,252-81-9946,1996-10-18,Developer I,2023-07-30,
Shaylynn,150 Mendota Way,309-42-2691,1996-11-25,Executive Secretary,2020-04-13,2020-02-04
Lucie,29 Rowland Way,109-79-5531,1986-01-26,Product Engineer,2021-03-09,2021-04-16
Godard,85 Marcy Lane,122-21-0895,1977-12-06,Quality Engineer,2020-01-27,
Quillan,96904 Anthes Crossing,470-64-2228,1980-05-13,Help Desk Technician,2021-06-12,2024-01-12
Devin,4 Holmberg Drive,449-98-8668,1978-12-31,Actuary,2021-10-13,
Wilbert,1 Hovde Point,764-51-5870,1992-07-22,Junior Executive,2021-09-07,2023-10-17
Francklyn,61 Commercial Lane,250-26-6748,1976-05-30,Developer II,2023-12-15,2023-05-24
Lanny,7 Badeau Way,306-25-7678,1994-06-17,Database Administrator II,2021-05-31,
Katheryn,8359 Judy Crossing,362-54-9987,1974-03-02,Staff Scientist,2022-05-08,2023-04-04
Holt,43795 Union Junction,253-58-7973,1990-08-28,Quality Control Specialist,2022-02-08,2024-07-21
Pamella,92 Clove Alley,741-39-6942,1999-02-09,Social Worker,2024-04-17,
Salvidor,335 Chive Junction,415-18-2634,1976-06-01,Senior Sales Associate,2022-05-02,
Cati,7 Hooker Trail,884-29-6543,1977-07-09,Engineer II,2022-06-22,
Kara,8978 John Wall Point,405-99-5406,1989-01-12,Marketing Assistant,2022-12-08,
Merralee,67 Tennessee Street,258-11-1280,1983-12-25,Registered Nurse,2020-07-27,
Colin,425 Bowman Hill,521-76-4034,1975-04-17,Mechanical Systems Engineer,2022-11-15,
Katy,743 Sugar Park,213-05-8109,1982-10-23,Staff Accountant II,2024-04-24,
Myles,8988 Shasta Junction,888-22-6497,1970-10-11,Health Coach IV,2022-10-30,
Claretta,71 Mosinee Pass,509-49-8896,1998-10-25,Help Desk Technician,2023-12-03,
Shay,525 Trailsway Lane,785-52-9148,1995-12-11,Speech Pathologist,2023-10-10,
Judie,64 Gerald Drive,730-48-6434,1970-04-15,Nurse,2023-11-28,
Jaymee,209 Portage Alley,890-49-2651,1999-08-01,Help Desk Technician,2023-08-07,
Damita,04045 David Road,622-38-7289,1988-01-28,Staff Accountant I,2024-01-08,
Phillida,6 Goodland Street,460-74-3544,1971-03-11,Food Chemist,2021-06-27,
Delcina,358 Northridge Junction,123-94-7378,1995-02-27,Senior Developer,2022-08-13,
Merry,7052 Cottonwood Court,275-14-8673,1999-04-05,Administrative Officer,2021-09-21,
Tessy,63972 Vidon Parkway,718-04-9139,1985-10-27,Physical Therapy Assistant,2021-09-07,2020-02-22
Sonnie,11560 Sutherland Junction,379-93-2478,1986-04-24,Database Administrator IV,2021-07-12,
Cyrille,123 Vernon Lane,480-60-1389,1980-07-06,Environmental Specialist,2023-02-06,
Caralie,6 Gulseth Plaza,465-07-4896,1979-03-29,Geological Engineer,2020-12-08,2023-09-28
Jesus,155 Lawn Avenue,106-90-2287,1983-03-14,Nurse Practicioner,2022-11-22,
Brinn,0 Dayton Center,500-96-6105,1999-12-13,Nuclear Power Engineer,2023-02-13,
Dolly,608 Hovde Junction,270-53-0191,1981-03-22,Research Assistant I,2023-04-01,
Mead,9243 Bluestem Circle,860-95-9184,1980-12-14,Geological Engineer,2024-03-27,